{
    "075773_treated_xye": {
        "peak_number": 9,
        "q": [
            0.041577,
            0.066028,
            0.081695,
            0.085374,
            0.093237,
            0.10486,
            0.11452,
            0.14807,
            0.17531
        ],
        "I": [
            1.5239262206646367,
            8.333574746399812,
            0.2437138913931111,
            4.303175267199268,
            2.5324663712387925,
            1.6297639080313198,
            3.728435280213888,
            0.2787906702919002,
            0.4496166759490275
        ],
        "dI": [
            0.088975,
            0.10583,
            0.031981,
            0.063449,
            0.043844,
            0.035088,
            0.042543,
            0.015304,
            0.012996
        ],
        "I_raw": [
            3.5811,
            12.403,
            1.6814,
            7.6101,
            4.3738,
            3.4499,
            6.2821,
            1.3049,
            1.3132
        ],
        "peaks": [
            99,
            162,
            191,
            197,
            209,
            225,
            237,
            272,
            295
        ],
        "start_loss": 3.129100425500386,
        "final_loss": 0.18953904855963905,
        "loss_ratio": 6.057301549512562,
        "phase": "la3d",
        "distribution": [
            0.9047404527664185,
            0.09062140434980392,
            0.004638149868696928
        ],
        "peaks_without_suspicious": [
            0,
            4,
            3,
            5,
            2,
            1
        ]
    }
}