{
    "075790_treated_xye": {
        "peak_number": 4,
        "q": [
            0.039494,
            0.046417,
            0.052975,
            0.061806
        ],
        "I": [
            1.330170168531147,
            3.115944408040916,
            13.57379650556232,
            4.34874094356858
        ],
        "dI": [
            0.14478,
            0.14581,
            0.21136,
            0.11375
        ],
        "I_raw": [
            4.0542,
            6.0922,
            16.558,
            6.5765
        ],
        "peaks": [
            92,
            114,
            132,
            153
        ],
        "start_loss": 10.874575853889056,
        "final_loss": 0.8805567681508044,
        "loss_ratio": 8.097389544033504,
        "phase": "la3d",
        "distribution": [
            0.4508993923664093,
            0.397585391998291,
            0.1515151560306549
        ],
        "peaks_without_suspicious": [
            0,
            2,
            1
        ]
    }
}