{
    "075790_treated_xye": {
        "peak_number": 8,
        "q": [
            0.039494,
            0.046417,
            0.052975,
            0.061806,
            0.068497,
            0.068497,
            0.10563,
            0.13962
        ],
        "I": [
            1.330170168531147,
            3.115944408040916,
            13.57379650556232,
            4.34874094356858,
            0.9141713591353502,
            0.46881665316530147,
            1.2757269468133405,
            0.356580156355699
        ],
        "dI": [
            0.14478,
            0.14581,
            0.21136,
            0.11375,
            0.077551,
            0.077551,
            0.040393,
            0.022569
        ],
        "I_raw": [
            4.0542,
            6.0922,
            16.558,
            6.5765,
            3.8177,
            3.8177,
            2.3994,
            1.2757
        ],
        "peaks": [
            92,
            114,
            132,
            153,
            167,
            167,
            226,
            264
        ],
        "start_loss": 10.874575853889056,
        "final_loss": 0.6951373436576089,
        "loss_ratio": 6.392316840651842,
        "phase": "la3d",
        "distribution": [
            0.7152727842330933,
            0.2615160346031189,
            0.023211132735013962
        ],
        "peaks_without_suspicious": [
            6,
            0,
            1,
            3,
            2
        ]
    }
}