{
    "075790_treated_xye": {
        "peak_number": 9,
        "q": [
            0.039494,
            0.046417,
            0.052975,
            0.061806,
            0.068497,
            0.079916,
            0.089877,
            0.10486,
            0.14273
        ],
        "I": [
            1.330170168531147,
            3.115944408040916,
            13.57379650556232,
            4.34874094356858,
            1.2605117870080282,
            0.4807584106917418,
            0.23518132247179524,
            1.3308366039762762,
            0.3111111383089748
        ],
        "dI": [
            0.14478,
            0.14581,
            0.21136,
            0.11375,
            0.077551,
            0.051344,
            0.047368,
            0.041837,
            0.02166
        ],
        "I_raw": [
            4.0542,
            6.0922,
            16.558,
            6.5765,
            3.8177,
            2.1901,
            2.3927,
            2.5033,
            1.2249
        ],
        "peaks": [
            92,
            114,
            132,
            153,
            167,
            188,
            204,
            225,
            267
        ],
        "start_loss": 10.874575853889056,
        "final_loss": 0.549780489274067,
        "loss_ratio": 5.055649955096409,
        "phase": "la3d",
        "distribution": [
            0.9047404527664185,
            0.09062140434980392,
            0.004638154059648514
        ],
        "peaks_without_suspicious": [
            4,
            0,
            6,
            1,
            3,
            2
        ]
    }
}