{
    "075790_treated_xye": {
        "peak_number": 9,
        "q": [
            0.039494,
            0.046417,
            0.052975,
            0.061806,
            0.068497,
            0.076472,
            0.088567,
            0.10486,
            0.14378
        ],
        "I": [
            1.330170168531147,
            3.115944408040916,
            13.57379650556232,
            4.34874094356858,
            1.372570378456071,
            0.537538838021976,
            0.2985952902012884,
            1.3296437891031283,
            0.3071973246905358
        ],
        "dI": [
            0.14478,
            0.14581,
            0.21136,
            0.11375,
            0.077551,
            0.05367,
            0.04824,
            0.041837,
            0.021562
        ],
        "I_raw": [
            4.0542,
            6.0922,
            16.558,
            6.5765,
            3.8177,
            2.2572,
            2.3848,
            2.5033,
            1.2454
        ],
        "peaks": [
            92,
            114,
            132,
            153,
            167,
            182,
            202,
            225,
            268
        ],
        "start_loss": 10.874575853889056,
        "final_loss": 0.5436817593962054,
        "loss_ratio": 4.999567493032562,
        "phase": "la3d",
        "distribution": [
            0.9047404527664185,
            0.09062140434980392,
            0.004638154059648514
        ],
        "peaks_without_suspicious": [
            6,
            0,
            4,
            1,
            3,
            2
        ]
    }
}