{
    "075955_treated_xye": {
        "peak_number": 7,
        "q": [
            0.031687,
            0.038351,
            0.044417,
            0.06046,
            0.085374,
            0.10333
        ]
    }
}