{
    "075775_treated_xye": {
        "peak_number": 9,
        "q": [
            0.044092,
            0.057854,
            0.060905,
            0.06459,
            0.08413,
            0.091878,
            0.10108,
            0.10563,
            0.11285
        ],
        "I": [
            1.1041150698829096,
            3.611275997310343,
            0.6039965588652564,
            5.820588412456887,
            1.8693877546664925,
            2.8811517291686184,
            2.0899805378378353,
            0.67268258224385,
            2.800699837963911
        ],
        "dI": [
            0.077742,
            0.091936,
            0.083653,
            0.089738,
            0.047882,
            0.048558,
            0.038573,
            0.035617,
            0.037608
        ],
        "I_raw": [
            2.6502,
            6.4757,
            5.9225,
            7.6714,
            3.6436,
            4.458,
            3.4107,
            3.2146,
            4.1642
        ],
        "peaks": [
            107,
            144,
            151,
            159,
            195,
            207,
            220,
            226,
            235
        ],
        "params_amplitude": [
            0.044092,
            0.06459,
            0.057854,
            0.060905,
            0.091878,
            0.08413,
            0.11285,
            0.10108,
            0.10563
        ],
        "params_mean": [
            1.1041150698829096,
            5.820588412456887,
            3.611275997310343,
            0.6039965588652564,
            2.8811517291686184,
            1.8693877546664925,
            2.800699837963911,
            2.0899805378378353,
            0.67268258224385
        ],
        "params_sigma": [
            0.008682089155332117,
            0.004905026661021534,
            0.0023266615003087444,
            0.0016389436784844474,
            0.005207849150802748,
            0.004280167776945457,
            0.006804838843583123,
            0.004048170978494241,
            0.002705184168270965
        ],
        "start_loss": 0,
        "final_loss": 0.2529277377803839
    }
}