{
    "075921_treated_xye.csv": {
        "peak_number": 1,
        "q": [
            0.041883
        ],
        "peaks": [
            100
        ],
        "predicted_phase": "lamellar"
    },
    "075773_treated_xye.csv": {
        "peak_number": 6,
        "q": [
            0.042192,
            0.066028,
            0.085374,
            0.093237,
            0.10409,
            0.11452
        ],
        "peaks": [
            101,
            162,
            197,
            209,
            224,
            237
        ],
        "predicted_phase": "Pn3m"
    },
    "075913_treated_xye.csv": {
        "peak_number": 2,
        "q": [
            0.041883,
            0.12691
        ],
        "peaks": [
            100,
            251
        ],
        "predicted_phase": "Pn3m"
    },
    "075920_treated_xye.csv": {
        "peak_number": 1,
        "q": [
            0.040374
        ],
        "peaks": [
            95
        ],
        "predicted_phase": "lamellar"
    },
    "075912_treated_xye.csv": {
        "peak_number": 1,
        "q": [
            0.040671
        ],
        "peaks": [
            96
        ],
        "predicted_phase": "lamellar"
    },
    "075917_treated_xye.csv": {
        "peak_number": 2,
        "q": [
            0.042816,
            0.053759
        ],
        "peaks": [
            103,
            134
        ],
        "predicted_phase": "Pn3m"
    },
    "075918_treated_xye.csv": {
        "peak_number": 4,
        "q": [
            0.041883,
            0.061806,
            0.087276,
            0.10719
        ],
        "peaks": [
            100,
            153,
            200,
            228
        ],
        "predicted_phase": "Pn3m"
    },
    "075911_treated_xye.csv": {
        "peak_number": 1,
        "q": [
            0.040079
        ],
        "peaks": [
            94
        ],
        "predicted_phase": "lamellar"
    },
    "075916_treated_xye.csv": {
        "peak_number": 1,
        "q": [
            0.042192
        ],
        "peaks": [
            101
        ],
        "predicted_phase": "lamellar"
    },
    "075919_treated_xye.csv": {
        "peak_number": 3,
        "q": [
            0.042192,
            0.056594,
            0.098154
        ],
        "peaks": [
            101,
            141,
            216
        ],
        "predicted_phase": "Pn3m"
    }
}