{
    "075921_treated_xye.csv": {
        "peak_number": 1,
        "q": [
            0.041883
        ],
        "peaks": [
            100
        ],
        "predicted_phase": "lamellar"
    },
    "075773_treated_xye.csv": {
        "peak_number": 8,
        "q": [
            0.042192,
            0.066028,
            0.085374,
            0.093237,
            0.10409,
            0.11452,
            0.14699,
            0.17403
        ],
        "peaks": [
            101,
            162,
            197,
            209,
            224,
            237,
            271,
            294
        ],
        "predicted_phase": "Pn3m"
    },
    "075913_treated_xye.csv": {
        "peak_number": 3,
        "q": [
            0.041883,
            0.12691,
            0.15248
        ],
        "peaks": [
            100,
            251,
            276
        ],
        "predicted_phase": "Pn3m"
    },
    "075920_treated_xye.csv": {
        "peak_number": 2,
        "q": [
            0.040374,
            0.06046
        ],
        "peaks": [
            95,
            150
        ],
        "predicted_phase": "Pn3m"
    },
    "075912_treated_xye.csv": {
        "peak_number": 2,
        "q": [
            0.040671,
            0.078751
        ],
        "peaks": [
            96,
            186
        ],
        "predicted_phase": "Pn3m"
    },
    "075917_treated_xye.csv": {
        "peak_number": 5,
        "q": [
            0.042816,
            0.053759,
            0.076472,
            0.093924,
            0.14273
        ],
        "peaks": [
            103,
            134,
            182,
            210,
            267
        ],
        "predicted_phase": "Pn3m"
    },
    "075918_treated_xye.csv": {
        "peak_number": 5,
        "q": [
            0.041883,
            0.061806,
            0.087276,
            0.10719,
            0.1641
        ],
        "peaks": [
            100,
            153,
            200,
            228,
            286
        ],
        "predicted_phase": "Pn3m"
    },
    "075911_treated_xye.csv": {
        "peak_number": 1,
        "q": [
            0.040079
        ],
        "peaks": [
            94
        ],
        "predicted_phase": "lamellar"
    },
    "075916_treated_xye.csv": {
        "peak_number": 3,
        "q": [
            0.042192,
            0.079916,
            0.098878
        ],
        "peaks": [
            101,
            188,
            217
        ],
        "predicted_phase": "Pn3m"
    },
    "075919_treated_xye.csv": {
        "peak_number": 5,
        "q": [
            0.042192,
            0.056594,
            0.079331,
            0.098154,
            0.14916
        ],
        "peaks": [
            101,
            141,
            187,
            216,
            273
        ],
        "predicted_phase": "Pn3m"
    }
}