{
    "075773_treated_xye.csv": {
        "peak_number": 6,
        "q": [
            0.042192,
            0.066028,
            0.085374,
            0.093237,
            0.10409,
            0.11452
        ],
        "peaks": [
            101,
            162,
            197,
            209,
            224,
            237
        ],
        "predicted_phase": "Pn3m"
    }
}