{
    "075784_treated_xye.csv": {
        "peak_number": 4,
        "q": [
            0.042816,
            0.061806,
            0.087919,
            0.10719
        ],
        "peaks": [
            103,
            153,
            201,
            228
        ],
        "predicted_phase": "lm3m"
    },
    "075814_treated_xye.csv": {
        "peak_number": 1,
        "q": [
            0.036699
        ],
        "peaks": [
            82
        ],
        "predicted_phase": "lamellar"
    },
    "075773_treated_xye.csv": {
        "peak_number": 6,
        "q": [
            0.042192,
            0.066028,
            0.085374,
            0.093237,
            0.10409,
            0.11452
        ],
        "peaks": [
            101,
            162,
            197,
            209,
            224,
            237
        ],
        "predicted_phase": "lm3m"
    },
    "075792_treated_xye.csv": {
        "peak_number": 2,
        "q": [
            0.060018,
            0.12056
        ],
        "peaks": [
            149,
            244
        ],
        "predicted_phase": "lm3m"
    },
    "075802_treated_xye.csv": {
        "peak_number": 3,
        "q": [
            0.038634,
            0.04676,
            0.081695
        ],
        "peaks": [
            89,
            115,
            191
        ],
        "predicted_phase": "Pn3m"
    },
    "075805_treated_xye.csv": {
        "peak_number": 3,
        "q": [
            0.048865,
            0.054155,
            0.10878
        ],
        "peaks": [
            121,
            135,
            230
        ],
        "predicted_phase": "la3d"
    },
    "075795_treated_xye.csv": {
        "peak_number": 6,
        "q": [
            0.035899,
            0.038634,
            0.043132,
            0.05871,
            0.082904,
            0.10108
        ],
        "peaks": [
            79,
            89,
            104,
            146,
            193,
            220
        ],
        "predicted_phase": "la3d"
    },
    "075821_treated_xye.csv": {
        "peak_number": 4,
        "q": [
            0.042816,
            0.057431,
            0.080504,
            0.098878
        ],
        "peaks": [
            103,
            143,
            189,
            217
        ],
        "predicted_phase": "lm3m"
    },
    "075774_treated_xye.csv": {
        "peak_number": 4,
        "q": [
            0.04345,
            0.061354,
            0.086637,
            0.10563
        ],
        "peaks": [
            105,
            152,
            199,
            226
        ],
        "predicted_phase": "lm3m"
    },
    "075813_treated_xye.csv": {
        "peak_number": 2,
        "q": [
            0.04345,
            0.083515
        ],
        "peaks": [
            105,
            194
        ],
        "predicted_phase": "lm3m"
    },
    "075783_treated_xye.csv": {
        "peak_number": 2,
        "q": [
            0.04377,
            0.094616
        ],
        "peaks": [
            106,
            211
        ],
        "predicted_phase": "lm3m"
    },
    "075804_treated_xye.csv": {
        "peak_number": 3,
        "q": [
            0.044092,
            0.052203,
            0.086637
        ],
        "peaks": [
            107,
            130,
            199
        ],
        "predicted_phase": "la3d"
    },
    "075775_treated_xye.csv": {
        "peak_number": 7,
        "q": [
            0.044092,
            0.057854,
            0.065066,
            0.08475,
            0.091878,
            0.099606,
            0.11368
        ],
        "peaks": [
            107,
            144,
            160,
            196,
            207,
            218,
            236
        ],
        "predicted_phase": "Pn3m"
    },
    "075794_treated_xye.csv": {
        "peak_number": 3,
        "q": [
            0.057854,
            0.069002,
            0.11536
        ],
        "peaks": [
            144,
            168,
            238
        ],
        "predicted_phase": "Pn3m"
    },
    "075820_treated_xye.csv": {
        "peak_number": 4,
        "q": [
            0.042816,
            0.060905,
            0.086637,
            0.10486
        ],
        "peaks": [
            103,
            151,
            199,
            225
        ],
        "predicted_phase": "lm3m"
    },
    "075812_treated_xye.csv": {
        "peak_number": 4,
        "q": [
            0.035899,
            0.042503,
            0.059579,
            0.072641
        ],
        "peaks": [
            79,
            102,
            148,
            175
        ],
        "predicted_phase": "la3d"
    },
    "075782_treated_xye.csv": {
        "peak_number": 3,
        "q": [
            0.04345,
            0.086637,
            0.099606
        ],
        "peaks": [
            105,
            199,
            218
        ],
        "predicted_phase": "lm3m"
    },
    "075785_treated_xye.csv": {
        "peak_number": 0,
        "q": [],
        "peaks": [],
        "predicted_phase": "blanc"
    },
    "075815_treated_xye.csv": {
        "peak_number": 2,
        "q": [
            0.038634,
            0.082297
        ],
        "peaks": [
            89,
            192
        ],
        "predicted_phase": "lm3m"
    },
    "075793_treated_xye.csv": {
        "peak_number": 2,
        "q": [
            0.060018,
            0.11368
        ],
        "peaks": [
            149,
            236
        ],
        "predicted_phase": "lm3m"
    },
    "075803_treated_xye.csv": {
        "peak_number": 3,
        "q": [
            0.044744,
            0.052588,
            0.08413
        ],
        "peaks": [
            109,
            131,
            195
        ],
        "predicted_phase": "la3d"
    },
    "075777_treated_xye.csv": {
        "peak_number": 5,
        "q": [
            0.04377,
            0.077603,
            0.094616,
            0.10958,
            0.13459
        ],
        "peaks": [
            106,
            184,
            211,
            231,
            259
        ],
        "predicted_phase": "lm3m"
    },
    "075796_treated_xye.csv": {
        "peak_number": 4,
        "q": [
            0.035899,
            0.04345,
            0.12785,
            0.14273
        ],
        "peaks": [
            79,
            105,
            252,
            267
        ],
        "predicted_phase": "Pn3m"
    },
    "075822_treated_xye.csv": {
        "peak_number": 5,
        "q": [
            0.038071,
            0.041273,
            0.058281,
            0.082297,
            0.10108
        ],
        "peaks": [
            87,
            98,
            145,
            192,
            220
        ],
        "predicted_phase": "la3d"
    },
    "075806_treated_xye.csv": {
        "peak_number": 4,
        "q": [
            0.040671,
            0.081695,
            0.10333,
            0.16653
        ],
        "peaks": [
            96,
            191,
            223,
            288
        ],
        "predicted_phase": "lm3m"
    },
    "075780_treated_xye.csv": {
        "peak_number": 2,
        "q": [
            0.040971,
            0.08413
        ],
        "peaks": [
            97,
            195
        ],
        "predicted_phase": "lm3m"
    },
    "075809_treated_xye.csv": {
        "peak_number": 5,
        "q": [
            0.03643,
            0.039205,
            0.042503,
            0.096724,
            0.14169
        ],
        "peaks": [
            81,
            91,
            102,
            214,
            266
        ],
        "predicted_phase": "la3d"
    },
    "075778_treated_xye.csv": {
        "peak_number": 1,
        "q": [
            0.042816
        ],
        "peaks": [
            103
        ],
        "predicted_phase": "lamellar"
    },
    "075799_treated_xye.csv": {
        "peak_number": 3,