{
    "075955_treated_xye": {
        "peak_number": 6,
        "q": [
            0.028175,
            0.030321
        ],
        "phase": "la3d"
    }
}