{
    "sample": {
        "peak_number": 6,
        "q": [
            0.0479899497487437,
            0.0669849246231155,
            0.0817587939698492,
            0.0944221105527638,
            0.1049748743718592,
            0.1155276381909547
        ],
        "phase": "Im3m"
    }
}