{
    "075966_treated_xye": {
        "peak_number": 4,
        "q": [
            0.042816,
            0.058281,
            0.082297,
            0.10108
        ],
        "I": [
            2.6231769880154174,
            3.4455224234757016,
            1.5601653254394552,
            1.9721654789106626
        ],
        "dI": [
            0.35651,
            0.30223,
            0.15344,
            0.13837
        ],
        "I_raw": [
            4.5389,
            6.0547,
            3.1194,
            3.7454
        ],
        "peaks": [
            103,
            145,
            192,
            220
        ],
        "start_loss": 1.5994655618120206,
        "final_loss": 0.1088999861558028,
        "loss_ratio": 0.06808523344036926
    },
    "075790_treated_xye": {
        "peak_number": 6,
        "q": [
            0.039494,
            0.046417,
            0.052975,
            0.061806,
            0.068497,
            0.10563
        ],
        "I": [
            1.330170168531147,
            3.115944408040916,
            13.57379650556232,
            4.34874094356858,
            0.9141713591353502,
            1.2757269468133405
        ],
        "dI": [
            0.14478,
            0.14581,
            0.21136,
            0.11375,
            0.077551,
            0.040393
        ],
        "I_raw": [
            4.0542,
            6.0922,
            16.558,
            6.5765,
            3.8177,
            2.3994
        ],
        "peaks": [
            92,
            114,
            132,
            153,
            167,
            226
        ],
        "start_loss": 10.874575853889056,
        "final_loss": 0.7072314471956467,
        "loss_ratio": 0.06503531325708861
    }
}