{
    "075774_treated_xye": {
        "peak_number": 5,
        "q": [
            0.043132,
            0.061806,
            0.087276,
            0.10641,
            0.11202
        ],
        "I": [
            1.4788271539511202,
            10.759553627521692,
            4.220836031200899,
            4.811531900605663,
            0.998245495553689
        ],
        "dI": [
            0.080122,
            0.11996,
            0.054986,
            0.049723,
            0.026611
        ],
        "I_raw": [
            3.3006,
            14.835,
            6.3284,
            7.5272,
            2.3126
        ],
        "peaks": [
            104,
            153,
            200,
            227,
            234
        ],
        "start_loss": 4.364794550393762,
        "final_loss": 0.13148772521195304,
        "loss_ratio": 0.030124608087244587
    },
    "075778_treated_xye": {
        "peak_number": 1,
        "q": [
            0.042503
        ],
        "I": [
            1.8370966829058157
        ],
        "dI": [
            0.028867
        ],
        "I_raw": [
            2.1392
        ],
        "peaks": [
            102
        ],
        "start_loss": 0.5600359872212576,
        "final_loss": 0.05612555942871564,
        "loss_ratio": 0.1002177729813311
    }
}