{
    "075775_treated_xye": {
        "peak_number": 10,
        "q": [
            0.036699,
            0.044092,
            0.057854,
            0.060905,
            0.06459,
            0.08413,
            0.091878,
            0.10108,
            0.10563,
            0.11285
        ],
        "I": [
            0.659947434600386,
            1.155808452347416,
            3.7026840559280862,
            0.6439209375813508,
            5.823989002583252,
            1.8747974534373086,
            2.8811517287583994,
            2.0637332253405956,
            0.7075684991320844,
            2.800699838707529
        ],
        "dI": [
            0.093932,
            0.077742,
            0.091936,
            0.083653,
            0.089738,
            0.047882,
            0.048558,
            0.038573,
            0.035617,
            0.037608
        ],
        "I_raw": [
            2.9389,
            2.6502,
            6.4757,
            5.9225,
            7.6714,
            3.6436,
            4.458,
            3.4107,
            3.2146,
            4.1642
        ],
        "peaks": [
            82,
            107,
            144,
            151,
            159,
            195,
            207,
            220,
            226,
            235
        ],
        "params_amplitude": [
            0.044092,
            0.036699,
            0.06459,
            0.057854,
            0.060905,
            0.091878,
            0.08413,
            0.11285,
            0.10108,
            0.10563
        ],
        "params_mean": [
            1.144710712254235,
            0.4509157691483536,
            5.995618590178892,
            4.2524003512305235,
            2.3572725161496817,
            2.82965150676661,
            2.1137534440621732,
            2.919169653703969,
            2.0436028563648305,
            1.1289539600347447
        ],
        "params_sigma": [
            0.006844076817077515,
            0.00348310273535031,
            0.003304363550239488,
            0.0020963493962176194,
            0.001908384245066377,
            0.0041864933343850235,
            0.004256338305853699,
            0.005212314900405553,
            0.004160548722253043,
            0.0033507402208873102
        ],
        "start_loss": 0,
        "final_loss": 0.25051161851640635
    }
}