{
    "075775_treated_xye": {
        "peak_number": 7,
        "q": [
            0.044092,
            0.057854,
            0.060905,
            0.06459,
            0.091878,
            0.10409,
            0.11285
        ],
        "I": [
            1.1041150698829096,
            3.3680122519112814,
            0.5122592078879198,
            5.644691226386883,
            2.0748302522055804,
            0.5865404426622023,
            1.8130367924899051
        ],
        "dI": [
            0.077742,
            0.091936,
            0.083653,
            0.089738,
            0.048558,
            0.037177,
            0.037608
        ],
        "I_raw": [
            2.6502,
            6.4757,
            5.9225,
            7.6714,
            4.458,
            3.458,
            4.1642
        ],
        "peaks": [
            107,
            144,
            151,
            159,
            207,
            224,
            235
        ],
        "params_amplitude": [
            0.044092,
            0.06459,
            0.057854,
            0.060905,
            0.091878,
            0.11285,
            0.10409
        ],
        "params_mean": [
            3.4876679256532332,
            7.215378372238616,
            4.5134850761075755,
            -2.7099249368165044,
            4.1322572531969595,
            1.9648109165783387,
            0.27860819656788927
        ],
        "params_sigma": [
            0.014999998312618786,
            0.004325835448258508,
            0.002872060892043721,
            0.04570205041323685,
            0.0222385644707493,
            0.004512253490899594,
            -0.0022772139227490783
        ],
        "start_loss": 0,
        "final_loss": 0.5258884652732654
    }
}