{
    "075775_treated_xye": {
        "peak_number": 10,
        "q": [
            0.036699,
            0.044092,
            0.057854,
            0.060905,
            0.06459,
            0.08413,
            0.091878,
            0.10108,
            0.10563,
            0.11285
        ],
        "I": [
            0.659947434600386,
            1.155808452347416,
            3.7026840559280862,
            0.627646844972997,
            5.823989002583252,
            1.8747974534373086,
            2.8811517287583994,
            2.0637332253405956,
            0.7075684991320844,
            2.800699838707529
        ],
        "dI": [
            0.093932,
            0.077742,
            0.091936,
            0.083653,
            0.089738,
            0.047882,
            0.048558,
            0.038573,
            0.035617,
            0.037608
        ],
        "I_raw": [
            2.9389,
            2.6502,
            6.4757,
            5.9225,
            7.6714,
            3.6436,
            4.458,
            3.4107,
            3.2146,
            4.1642
        ],
        "peaks": [
            82,
            107,
            144,
            151,
            159,
            195,
            207,
            220,
            226,
            235
        ],
        "params_amplitude": [
            0.044092,
            0.036699,
            0.06459,
            0.057854,
            0.060905,
            0.091878,
            0.08413,
            0.11285,
            0.10108,
            0.10563
        ],
        "params_mean": [
            1.1447108159592974,
            0.450915374297728,
            5.995619148743716,
            4.252401408396435,
            2.357272139885875,
            2.8296533644123754,
            2.113753209310037,
            2.919169526475822,
            2.0436030647065544,
            1.1289550439640752
        ],
        "params_sigma": [
            0.0068440770820684125,
            0.003483079572574505,
            0.0033043631568413162,
            0.002096350115465612,
            0.0019083837590028127,
            0.004186488610115616,
            0.004256340560023521,
            0.0052123163032516875,
            0.004160552034074208,
            0.0033507382606775063
        ],
        "start_loss": 0,
        "final_loss": 0.25054146176736075
    }
}