{
    "075775_treated_xye": {
        "peak_number": 7,
        "q": [
            0.044092,
            0.058281,
            0.061354,
            0.06459,
            0.091878,
            0.10333,
            0.11285
        ],
        "I": [
            1.1041150698829096,
            4.229478336359327,
            0.6030925739264842,
            5.685705978786558,
            1.9528314851440467,
            0.5330093405692157,
            1.6038279385387764
        ],
        "dI": [
            0.077742,
            0.092843,
            0.084464,
            0.089738,
            0.048558,
            0.037926,
            0.037608
        ],
        "I_raw": [
            2.6502,
            6.5289,
            6.0165,
            7.6714,
            4.458,
            3.4206,
            4.1642
        ],
        "peaks": [
            107,
            145,
            152,
            159,
            207,
            223,
            235
        ],
        "params_amplitude": [
            0.044092,
            0.06459,
            0.058281,
            0.061354,
            0.091878,
            0.11285,
            0.10333
        ],
        "params_mean": [
            1.185822933216447,
            6.069728913064448,
            4.607441270701867,
            1.6182366427444663,
            2.538817186533219,
            2.8062607001960136,
            1.2961331214063392
        ],
        "params_sigma": [
            0.008138491065200629,
            0.0032721047073351107,
            0.002279790464261813,
            0.0015495040674799539,
            0.011487558953081324,
            0.005663913019309525,
            0.003424983629608436
        ],
        "start_loss": 0,
        "final_loss": 0.4506458074130417
    }
}