{
    "075775_treated_xye": {
        "peak_number": 7,
        "q": [
            0.044092,
            0.058281,
            0.061354,
            0.06459,
            0.091878,
            0.10409,
            0.11285
        ],
        "I": [
            1.1041150698829096,
            4.229478336359327,
            0.6030925739264842,
            5.685705978786558,
            1.9528314851440467,
            0.5753531442960498,
            1.6310271888190613
        ],
        "dI": [
            0.077742,
            0.092843,
            0.084464,
            0.089738,
            0.048558,
            0.037177,
            0.037608
        ],
        "I_raw": [
            2.6502,
            6.5289,
            6.0165,
            7.6714,
            4.458,
            3.458,
            4.1642
        ],
        "peaks": [
            107,
            145,
            152,
            159,
            207,
            224,
            235
        ],
        "params_amplitude": [
            0.044092,
            0.06459,
            0.058281,
            0.061354,
            0.091878,
            0.11285,
            0.10409
        ],
        "params_mean": [
            1.185821353076551,
            6.07002221888004,
            4.606883357959178,
            1.6154119473459951,
            2.558807669759422,
            2.832171695288606,
            1.37827577672664
        ],
        "params_sigma": [
            0.008138522695478585,
            0.003274176555264133,
            0.0022798726887491025,
            0.0015490910754129002,
            0.0113941172879052,
            0.00527868368551747,
            0.003688960579901749
        ],
        "start_loss": 0,
        "final_loss": 0.4480356643202553
    }
}