{
    "075966_treated_xye": {
        "peak_number": 4,
        "q": [
            0.042816,
            0.058281,
            0.082297,
            0.10108
        ],
        "I": [
            2.6231769880154174,
            3.4455224234757016,
            1.5601653254394552,
            1.9721654789106626
        ],
        "dI": [
            0.35651,
            0.30223,
            0.15344,
            0.13837
        ],
        "I_raw": [
            4.5389,
            6.0547,
            3.1194,
            3.7454
        ],
        "peaks": [
            103,
            145,
            192,
            220
        ],
        "start_loss": 1.5994655618120206,
        "final_loss": 0.1088999861558028,
        "loss_ratio": 6.808523344036926,
        "phase": "la3d",
        "distribution": [
            0.45089948177337646,
            0.39758530259132385,
            0.1515151858329773
        ],
        "peaks_without_suspicious": [
            2,
            0,
            1
        ]
    }
}