{
    "075773_treated_xye": {
        "peak_number": 9,
        "q": [
            0.041577,
            0.066028,
            0.085374,
            0.081695,
            0.093237,
            0.11452,
            0.10486,
            0.17531,
            0.14807
        ],
        "I": [
            1.5174417190558842,
            8.33090880752523,
            4.301480723342161,
            0.24292923925185908,
            2.53119725047314,
            3.727917342037747,
            1.6290779916112683,
            0.4502593080762871,
            0.27901742741538843
        ],
        "dI": [
            0.088975,
            0.10583,
            0.063449,
            0.031981,
            0.043844,
            0.042543,
            0.035088,
            0.012996,
            0.015304
        ],
        "I_raw": [
            3.5811,
            12.403,
            7.6101,
            1.6814,
            4.3738,
            6.2821,
            3.4499,
            1.3132,
            1.3049
        ],
        "peaks": [
            98,
            161,
            196,
            190,
            208,
            236,
            224,
            294,
            271
        ],
        "start_loss": 3.130725032523383,
        "final_loss": 0.1881124686665846,
        "loss_ratio": 6.008591195725829
    }
}