{
    "075966_treated_xye": {
        "peak_number": 6,
        "q": [
            0.035376,
            0.042816,
            0.049588,
            0.058281,
            0.082297,
            0.10108
        ],
        "I": [
            1.8639413679243617,
            2.67743318843558,
            1.2652323090335829,
            4.096770585500839,
            1.7394713732416083,
            2.200127398545856
        ],
        "dI": [
            0.36407,
            0.35651,
            0.25247,
            0.30223,
            0.15344,
            0.13837
        ],
        "I_raw": [
            3.1378,
            4.5389,
            3.0091,
            6.0547,
            3.1194,
            3.7454
        ],
        "peaks": [
            77,
            103,
            123,
            145,
            192,
            220
        ],
        "params_amplitude": [
            1.7708278715290309,
            1.387581357287405,
            4.7492793378535785,
            1.6874709626516515,
            2.254532240342378,
            3.0993237404837735
        ],
        "params_mean": [
            0.04079345565529137,
            0.03438667233466915,
            0.058289595959508736,
            0.0474831113715443,
            0.08236470637848613,
            0.10088489398372076
        ],
        "params_sigma": [
            0.005706807340979892,
            0.0043654755331245755,
            0.0018630071434597446,
            0.006768563087324832,
            0.002034956308258405,
            0.00220446836662647
        ],
        "start_loss": 0,
        "final_loss": 0.08883000916847487,
        "loss_ratio": Infinity
    },
    "075775_treated_xye": {
        "peak_number": 7,
        "q": [
            0.044092,
            0.057854,
            0.06459,
            0.08413,
            0.091878,
            0.10108,
            0.11285
        ],
        "I": [
            1.155808452347416,
            3.7026840556498795,
            5.823989002583252,
            1.8747974534373086,
            2.8811517287583994,
            2.0637332253405956,
            2.800699838707529
        ],
        "dI": [
            0.077742,
            0.091936,
            0.089738,
            0.047882,
            0.048558,
            0.038573,
            0.037608
        ],
        "I_raw": [
            2.6502,
            6.4757,
            7.6714,
            3.6436,
            4.458,
            3.4107,
            4.1642
        ],
        "peaks": [
            107,
            144,
            159,
            195,
            207,
            220,
            235
        ],
        "params_amplitude": [
            1.228242821639211,
            6.438609912244686,
            4.984479944550295,
            2.725927660704418,
            2.390234229347073,
            2.9000045650251502,
            2.4413722835135285
        ],
        "params_mean": [
            0.04264722156882407,
            0.06453520144260003,
            0.05868050733444392,
            0.0921540540516851,
            0.0851406238909182,
            0.11324588945721141,
            0.10286623094076211
        ],
        "params_sigma": [
            0.007438510206999456,
            0.002991213099468579,
            0.002849941845783972,
            0.0024607652357480974,
            0.005286318385005333,
            0.0038872347855270937,
            0.0072005678670260306
        ],
        "start_loss": 0,
        "final_loss": 0.29132684063936976,
        "loss_ratio": Infinity
    },
    "075785_treated_xye": {
        "peak_number": 0,
        "q": [],
        "I": [],
        "dI": [],
        "I_raw": [],
        "peaks": [],
        "params_amplitude": [],
        "params_mean": [],
        "params_sigma": [],
        "start_loss": 0,
        "final_loss": 9.949965365847357e-05,
        "loss_ratio": Infinity
    },
    "075793_treated_xye": {
        "peak_number": 7,
        "q": [
            0.04377,
            0.051442,
            0.057011,
            0.060905,
            0.073176,
            0.11202,
            0.12415
        ],
        "I": [
            1.6991096209689631,
            3.0446263618472074,
            2.8915415355461276,
            18.35948389882885,
            1.0125023526781352,
            1.8986434649141055,
            1.5935784177039494
        ],
        "dI": [
            0.13337,
            0.14842,
            0.21124,
            0.21271,
            0.065349,
            0.044587,
            0.039416
        ],
        "I_raw": [
            4.0475,
            7.0945,
            17.879,
            20.632,
            2.7425,
            2.9255,
            2.8909
        ],
        "peaks": [
            106,
            128,
            142,
            151,
            176,
            234,
            248
        ],
        "params_amplitude": [
            11.843726541184358,
            1.1127180899604827,
            1.1707709166216587,
            10.685195788076852,
            6.551163645627415,
            1.7631182307473194,
            0.6914698631969799
        ],
        "params_mean": [
            0.0617832187488577,
            0.051753756561392555,
            0.04038201181587813,
            0.05764387162062237,
            0.059345069875662425,
            0.11513609946158199,
            0.1240701896132766
        ],
        "params_sigma": [
            0.0021093307144054575,
            0.0014664325305715604,
            0.005411332000318102,
            0.002821392529704624,
            0.010967874372689038,
            0.016382725888762145,
            0.002519253434046287
        ],
        "start_loss": 0,
        "final_loss": 0.9021479105015922,
        "loss_ratio": Infinity
    },
    "075827_treated_xye": {
        "peak_number": 7,
        "q": [
            0.034605,
            0.038634,
            0.044092,
            0.057431,
            0.075912,
            0.090539,
            0.11202
        ],
        "I": [
            3.589049408091958,
            16.374890532974593,
            6.891949984912486,
            0.7209790188982304,
            2.1302111186367583,
            0.9205406889133186,
            0.7501122704355859
        ],
        "dI": [
            0.28429,
            0.36648,
            0.23308,
            0.10438,
            0.087272,
            0.05854,
            0.043126
        ],
        "I_raw": [
            7.8055,
            18.626,
            9.1676,
            2.9968,
            3.7495,
            2.399,
            1.9135
        ],
        "peaks": [
            74,
            89,
            107,
            143,
            181,
            205,
            234
        ],
        "params_amplitude": [
            12.612146946618179,
            3.2655200967016316,
            6.774650398907903,
            1.7639469353897443,
            1.2046782572296375,
            0.6857540286980004,
            0.3771375117609278
        ],
        "params_mean": [
            0.03873147861679847,
            0.034404342675577564,
            0.042734823995007644,
            0.07547931894097044,
            0.05121625676468019,
            0.09882791199929682,
            0.137305480646766
        ],
        "params_sigma": [
            0.0018126074046029923,
            0.0034478471546265897,
            0.0052909672173056645,
            0.011044346407388361,
            0.008581644761402458,
            0.024452653416458702,
            0.03338575194832775
        ],
        "start_loss": 0,
        "final_loss": 1.5067049296222779,
        "loss_ratio": Infinity
    },
    "075790_treated_xye": {
        "peak_number": 7,
        "q": [
            0.039785,
            0.046417,
            0.052975,
            0.061806,
            0.067996,
            0.074258,
            0.10486
        ],