{
    "075969_treated_xye": {
        "peak_number": 4,
        "q": [
            0.03077,
            0.040374,
            0.048865,
            0.060018
        ],
        "I": [
            1.1597026558394141,
            3.5060163928617127,
            1.512072310008079,
            1.257488012589301
        ],
        "dI": [
            0.072897,
            0.06689,
            0.046478,
            0.030704
        ],
        "I_raw": [
            2.6431,
            4.0564,
            2.7541,
            1.8393
        ],
        "peaks": [
            58,
            95,
            121,
            149
        ],
        "params_amplitude": [
            3.1469831828371766,
            1.1135426157156931,
            0.2523716845458745,
            1.131175022559043
        ],
        "params_mean": [
            0.043072330172623276,
            0.03376866671071013,
            0.0867302081123174,
            0.060025375655635704
        ],
        "params_sigma": [
            0.010097458085110781,
            0.00664937344827671,
            0.03176990193848534,
            0.001996679323662455
        ],
        "start_loss": 0,
        "final_loss": 0.057984857230024535
    }
}