{
    "075969_treated_xye": {
        "peak_number": 4,
        "q": [
            0.030545,
            0.040374,
            0.049225,
            0.060018
        ],
        "I": [
            1.2493107613057717,
            3.632536502304388,
            1.4816730986088935,
            1.3005024407287595
        ],
        "dI": [
            0.066317,
            0.06689,
            0.045445,
            0.030704
        ],
        "I_raw": [
            2.4603,
            4.0564,
            2.6466,
            1.8393
        ],
        "peaks": [
            57,
            95,
            122,
            149
        ],
        "params_amplitude": [
            3.3863810004019985,
            0.6670503402314029,
            0.2868740193078718,
            1.1155893155202046
        ],
        "params_mean": [
            0.04198250060784763,
            0.03210181697243204,
            0.08494694833690528,
            0.060046707594214696
        ],
        "params_sigma": [
            0.011011954073684247,
            0.006830470567060357,
            0.03664614531024395,
            0.0018973831758623751
        ],
        "start_loss": 0,
        "final_loss": 0.06090837753375424
    }
}