{
    "075969_treated_xye": {
        "peak_number": 4,
        "q": [
            0.032872,
            0.040374,
            0.048508,
            0.060018
        ],
        "I": [
            1.0274168829848525,
            3.2529759402632834,
            1.5469521163406885,
            1.1274375234011216
        ],
        "dI": [
            0.071552,
            0.06689,
            0.046814,
            0.030704
        ],
        "I_raw": [
            3.0795,
            4.0564,
            2.8552,
            1.8393
        ],
        "peaks": [
            67,
            95,
            120,
            149
        ],
        "params_amplitude": [
            2.0695472876742045,
            0.9699625744905573,
            2.104870842010878,
            1.1386575968820742
        ],
        "params_mean": [
            0.038970752334259104,
            0.03227202039841219,
            0.046461751307490945,
            0.06008568287002845
        ],
        "params_sigma": [
            0.00613327317832088,
            0.004018303072237366,
            0.008613998475094635,
            0.001969068784079659
        ],
        "start_loss": 0,
        "final_loss": 0.10253564541231634
    }
}