{
    "075969_treated_xye": {
        "peak_number": 4,
        "q": [
            0.032393,
            0.040374,
            0.048865,
            0.060018
        ],
        "I": [
            1.0837082645823446,
            3.379496209722782,
            1.5326129630969023,
            1.1854054713069408
        ],
        "dI": [
            0.072802,
            0.06689,
            0.046478,
            0.030704
        ],
        "I_raw": [
            3.1155,
            4.0564,
            2.7541,
            1.8393
        ],
        "peaks": [
            65,
            95,
            121,
            149
        ],
        "params_amplitude": [
            2.0876464402875765,
            0.9163669937455804,
            2.138351890961885,
            1.1427983539476883
        ],
        "params_mean": [
            0.03872373178007131,
            0.03155236947455524,
            0.04633811499336057,
            0.06012916071730358
        ],
        "params_sigma": [
            0.006624312455966773,
            0.004331623026829372,
            0.009197910494285148,
            0.002008808521942625
        ],
        "start_loss": 0,
        "final_loss": 0.060731076029099496
    }
}