{
    "075969_treated_xye": {
        "peak_number": 6,
        "q": [
            0.032872,
            0.040374,
            0.048508,
            0.054956,
            0.060018,
            0.10409
        ],
        "I": [
            1.0274168829848525,
            3.2529759402632834,
            1.5469521163406885,
            0.5280998241948214,
            1.1274375234011216,
            0.46231254887785556
        ],
        "dI": [
            0.071552,
            0.06689,
            0.046814,
            0.028947,
            0.030704,
            0.011993
        ],
        "I_raw": [
            3.0795,
            4.0564,
            2.8552,
            1.3482,
            1.8393,
            0.84483
        ],
        "peaks": [
            67,
            95,
            120,
            137,
            149,
            224
        ],
        "params_amplitude": [
            1.7451631369101435,
            0.8589741560254085,
            2.3665528817549064,
            0.969894602601614,
            0.6186906301085788,
            0.6363186085934196
        ],
        "params_mean": [
            0.03730497721347229,
            0.03157693248621662,
            0.0441139503122363,
            0.0600698172681044,
            0.052982483209696944,
            0.10405740588445976
        ],
        "params_sigma": [
            0.005321033969385973,
            0.0036310934267676266,
            0.007255688374259906,
            0.0014882871977470661,
            0.01038217480452208,
            0.002314333450497998
        ],
        "start_loss": 0,
        "final_loss": 0.09010338348415575
    }
}