{
    "075969_treated_xye": {
        "peak_number": 3,
        "q": [
            0.040374,
            0.060018,
            0.10409
        ],
        "I": [
            2.8934818835844287,
            0.7589066961062673,
            0.43806554656555435
        ],
        "dI": [
            0.06689,
            0.030704,
            0.011993
        ],
        "I_raw": [
            4.0564,
            1.8393,
            0.84483
        ],
        "peaks": [
            95,
            149,
            224
        ],
        "params_amplitude": [
            3.369066546642278,
            1.1166939404119811,
            0.6363263125888585
        ],
        "params_mean": [
            0.04166148074024517,
            0.059953348551359475,
            0.10405741368141076
        ],
        "params_sigma": [
            0.010093692228154724,
            0.0023708499852094977,
            0.0023143234890210624
        ],
        "start_loss": 0,
        "final_loss": 0.2758526897021629
    }
}