{
    "075969_treated_xye": {
        "peak_number": 5,
        "q": [
            0.040374,
            0.040374,
            0.060018,
            0.08475,
            0.10409
        ],
        "I": [
            2.8934818835844287,
            0.32763173558452774,
            0.7549187109057592,
            0.30690767821885623,
            0.438155031034044
        ],
        "dI": [
            0.06689,
            0.06689,
            0.030704,
            0.014618,
            0.011993
        ],
        "I_raw": [
            4.0564,
            4.0564,
            1.8393,
            0.802,
            0.84483
        ],
        "peaks": [
            95,
            95,
            149,
            196,
            224
        ],
        "params_amplitude": [
            1.4658052923052614,
            1.1429559232439228,
            2.8342568178669594,
            0.4719721804304033,
            0.6363279144060976
        ],
        "params_mean": [
            0.03538433220415249,
            0.06001129545046839,
            0.04417138007628657,
            0.08482661305402309,
            0.10405740204092154
        ],
        "params_sigma": [
            0.005961449056276136,
            0.0022040577460239784,
            0.009027224180786081,
            0.0024682769438976833,
            0.0023143045878483456
        ],
        "start_loss": 0,
        "final_loss": 0.2674714526226247
    }
}