{
    "075969_treated_xye": {
        "peak_number": 5,
        "q": [
            0.040374,
            0.040374,
            0.060018,
            0.08475,
            0.10409
        ],
        "I": [
            2.8934818835844287,
            0.32763173558452774,
            0.7589066974743646,
            0.30690767821885623,
            0.438155031034044
        ],
        "dI": [
            0.06689,
            0.06689,
            0.030704,
            0.014618,
            0.011993
        ],
        "I_raw": [
            4.0564,
            4.0564,
            1.8393,
            0.802,
            0.84483
        ],
        "peaks": [
            95,
            95,
            149,
            196,
            224
        ],
        "params_amplitude": [
            1.4658252110212637,
            2.8342502871263044,
            1.1429598060416848,
            0.4719640661775971,
            0.6363296902379337
        ],
        "params_mean": [
            0.035384346407449994,
            0.04417142163223162,
            0.060011284969779685,
            0.08482660553632201,
            0.10405741381941942
        ],
        "params_sigma": [
            0.005961470284940322,
            0.009027188223506183,
            0.002204048273882987,
            0.0024682808438173196,
            0.0023142876270697264
        ],
        "start_loss": 0,
        "final_loss": 0.2674668798662699
    }
}