{
    "075969_treated_xye": {
        "peak_number": 4,
        "q": [
            0.040374,
            0.060018,
            0.08475,
            0.10409
        ],
        "I": [
            2.8934818835844287,
            0.7589066961062673,
            0.30690767821885623,
            0.438155031034044
        ],
        "dI": [
            0.06689,
            0.030704,
            0.014618,
            0.011993
        ],
        "I_raw": [
            4.0564,
            1.8393,
            0.802,
            0.84483
        ],
        "peaks": [
            95,
            149,
            196,
            224
        ],
        "params_amplitude": [
            2.8673524701203323,
            1.1029324482838117,
            0.4728618286315029,
            0.6363288068717691
        ],
        "params_mean": [
            0.03962520505176196,
            0.05101280840605301,
            0.08483104396879546,
            0.10405741310250922
        ],
        "params_sigma": [
            0.008513318975478554,
            0.011897400831257881,
            0.0024521392601800315,
            0.0023143038077546277
        ],
        "start_loss": 0,
        "final_loss": 0.27279517582655044
    }
}