{
    "075969_treated_xye": {
        "peak_number": 4,
        "q": [
            0.040374,
            0.060018,
            0.08475,
            0.10409
        ],
        "I": [
            2.8934818835844287,
            0.7589066961062673,
            0.30690767821885623,
            0.438155031034044
        ],
        "dI": [
            0.06689,
            0.030704,
            0.014618,
            0.011993
        ],
        "I_raw": [
            4.0564,
            1.8393,
            0.802,
            0.84483
        ],
        "peaks": [
            95,
            149,
            196,
            224
        ],
        "params_amplitude": [
            2.8468861724728813,
            1.1193248346922378,
            0.35642244049917393,
            0.47182993945518087
        ],
        "params_mean": [
            0.03973169734380195,
            0.05109279181674422,
            0.08507647792783304,
            0.1044449617964753
        ],
        "params_sigma": [
            0.008532539133991435,
            0.011933999331287803,
            0.003814843169771646,
            0.0033298226577519728
        ],
        "start_loss": 0,
        "final_loss": 0.27279517582655044
    }
}