{
    "075969_treated_xye": {
        "peak_number": 4,
        "q": [
            0.040374,
            0.060018,
            0.08475,
            0.10409
        ],
        "I": [
            2.8934818835844287,
            0.7589066961062673,
            0.30690767821885623,
            0.438155031034044
        ],
        "dI": [
            0.06689,
            0.030704,
            0.014618,
            0.011993
        ],
        "I_raw": [
            4.0564,
            1.8393,
            0.802,
            0.84483
        ],
        "peaks": [
            95,
            149,
            196,
            224
        ],
        "params_amplitude": [
            -0.12648517101383483,
            -0.00022736746490714923,
            0.011689159986227705,
            0.017892548267884383
        ],
        "params_mean": [
            4.967205516053919,
            2.1184776773168057,
            2.8012296672707007,
            -3.1940272651370147
        ],
        "params_sigma": [
            -0.1510940724389499,
            0.1895454709413295,
            0.040908449251732,
            0.008812260846400473
        ],
        "start_loss": 0,
        "final_loss": 0.27279517582655044
    }
}