{
    "075969_treated_xye": {
        "peak_number": 4,
        "q": [
            0.040374,
            0.060018,
            0.08475,
            0.10409
        ],
        "I": [
            2.8934818835844287,
            0.7589066961062673,
            0.30690767821885623,
            0.438155031034044
        ],
        "dI": [
            0.06689,
            0.030704,
            0.014618,
            0.011993
        ],
        "I_raw": [
            4.0564,
            1.8393,
            0.802,
            0.84483
        ],
        "peaks": [
            95,
            149,
            196,
            224
        ],
        "params_amplitude": [
            0.03973172279915295,
            0.05109295130011781,
            0.08507649103520945,
            0.10444498951074302
        ],
        "params_mean": [
            2.846905893125337,
            1.1193112385866932,
            0.35641974156064443,
            0.4718336728013426
        ],
        "params_sigma": [
            0.008532555972843914,
            0.011933967517053407,
            0.0038147738167088815,
            0.003329875591895457
        ],
        "start_loss": 0,
        "final_loss": 0.27279517582655044
    }
}