{
    "075969_treated_xye": {
        "peak_number": 4,
        "q": [
            0.040374,
            0.060018,
            0.08475,
            0.10409
        ],
        "I": [
            2.8934818835844287,
            0.7589066961062673,
            0.30690767821885623,
            0.438155031034044
        ],
        "dI": [
            0.06689,
            0.030704,
            0.014618,
            0.011993
        ],
        "I_raw": [
            4.0564,
            1.8393,
            0.802,
            0.84483
        ],
        "peaks": [
            95,
            149,
            196,
            224
        ],
        "params_amplitude": [
            0.040374,
            0.060018,
            0.08475,
            0.10409
        ],
        "params_mean": [
            0.4654134102223959,
            0.3602053922875491,
            0.6787343289901797,
            3.280987037826752
        ],
        "params_sigma": [
            0.003372239517625022,
            -0.0030791260484387393,
            0.013088754998804963,
            0.009247926677215704
        ],
        "start_loss": 0,
        "final_loss": 0.27279517582655044
    }
}