{
    "075969_treated_xye": {
        "peak_number": 4,
        "q": [
            0.040374,
            0.060018,
            0.08475,
            0.10409
        ],
        "I": [
            2.8934818835844287,
            0.7589066961062673,
            0.30690767821885623,
            0.438155031034044
        ],
        "dI": [
            0.06689,
            0.030704,
            0.014618,
            0.011993
        ],
        "I_raw": [
            4.0564,
            1.8393,
            0.802,
            0.84483
        ],
        "peaks": [
            95,
            149,
            196,
            224
        ],
        "params_amplitude": [
            0.040374,
            0.060018,
            0.08475,
            0.10409
        ],
        "params_mean": [
            3.2809876743986814,
            0.6787342374293871,
            0.36020649561439305,
            0.46541270387032824
        ],
        "params_sigma": [
            0.009247926367767983,
            0.013088747249763912,
            0.003079104406650939,
            0.0033722393670606084
        ],
        "start_loss": 0,
        "final_loss": 0.27279517582655044
    }
}