{
    "075969_treated_xye": {
        "peak_number": 4,
        "q": [
            0.040374,
            0.060018,
            0.08475,
            0.10409
        ],
        "I": [
            2.8934818835844287,
            0.7589066961062673,
            0.30690767821885623,
            0.438155031034044
        ],
        "dI": [
            0.06689,
            0.030704,
            0.014618,
            0.011993
        ],
        "I_raw": [
            4.0564,
            1.8393,
            0.802,
            0.84483
        ],
        "peaks": [
            95,
            149,
            196,
            224
        ],
        "params_amplitude": [
            0.040374,
            0.060018,
            0.08475,
            0.10409
        ],
        "params_mean": [
            3.2809876743986814,
            0.6787342374293871,
            0.36020649561439305,
            0.46541270387032824
        ],
        "params_sigma": [
            0.009247926367767983,
            0.013088747249763912,
            0.003079104406650939,
            0.0033722393670606084
        ],
        "start_loss": 0,
        "final_loss": 0.27279517582655044
    },
    "075775_treated_xye": {
        "peak_number": 8,
        "q": [
            0.044092,
            0.058281,
            0.061354,
            0.06459,
            0.091878,
            0.10409,
            0.11285,
            0.17275
        ],
        "I": [
            1.1041150698829096,
            4.229478336359327,
            0.6030925739264842,
            5.685705978786558,
            1.9528314851440467,
            0.5753531442960498,
            1.6310271888190613,
            0.36241143456103936
        ],
        "dI": [
            0.077742,
            0.092843,
            0.084464,
            0.089738,
            0.048558,
            0.037177,
            0.037608,
            0.013766
        ],
        "I_raw": [
            2.6502,
            6.5289,
            6.0165,
            7.6714,
            4.458,
            3.458,
            4.1642,
            1.2668
        ],
        "peaks": [
            107,
            145,
            152,
            159,
            207,
            224,
            235,
            293
        ],
        "params_amplitude": [
            0.044092,
            0.06459,
            0.058281,
            0.061354,
            0.091878,
            0.11285,
            0.10409,
            0.17275
        ],
        "params_mean": [
            1.1858213336130485,
            6.07000963710515,
            4.6068950871125045,
            1.6154774577470346,
            2.5567466490547703,
            2.8259410200577135,
            1.3857838369505233,
            0.3283719721076872
        ],
        "params_sigma": [
            0.008138523554501412,
            0.00327412885862911,
            0.0022798682062916565,
            0.0015491020970418974,
            0.0113966382127221,
            0.005224519479556881,
            0.0036995962656409713,
            0.03316475195874401
        ],
        "start_loss": 0,
        "final_loss": 0.43949023664567716
    }
}