{
    "075775_treated_xye": {
        "peak_number": 10,
        "q": [
            0.044092,
            0.057854,
            0.06046,
            0.06459,
            0.08413,
            0.091878,
            0.10108,
            0.10563,
            0.11285,
            0.17275
        ],
        "I": [
            1.1041150698829096,
            3.6639678302431795,
            0.7962178300802379,
            5.820588412456887,
            1.8747971518896833,
            2.8811517291686184,
            2.0637332256650818,
            0.7175723253795223,
            2.8006998383822057,
            0.3633790195718405
        ],
        "dI": [
            0.077742,
            0.091936,
            0.083707,
            0.089738,
            0.047882,
            0.048558,
            0.038573,
            0.035617,
            0.037608,
            0.013766
        ],
        "I_raw": [
            2.6502,
            6.4757,
            5.8264,
            7.6714,
            3.6436,
            4.458,
            3.4107,
            3.2146,
            4.1642,
            1.2668
        ],
        "peaks": [
            107,
            144,
            150,
            159,
            195,
            207,
            220,
            226,
            235,
            293
        ],
        "params_amplitude": [
            0.044092,
            0.06459,
            0.057854,
            0.06046,
            0.091878,
            0.08413,
            0.11285,
            0.10108,
            0.10563,
            0.17275
        ],
        "params_mean": [
            1.1839756379201767,
            6.130508801170665,
            3.950674236707601,
            2.6194374084612324,
            2.826919640841977,
            2.1135204905535403,
            2.907663698618814,
            2.0260543102276554,
            1.145495263148568,
            0.32249018034677535
        ],
        "params_sigma": [
            0.008210923179184334,
            0.003279044270735506,
            0.0019596407876685605,
            0.0019121463476003138,
            0.004184683378185865,
            0.004257994520989375,
            0.005132184796189204,
            0.0041785764195506414,
            0.0034043400087783423,
            0.0348436285687643
        ],
        "start_loss": 0,
        "final_loss": 0.24266112973372167
    }
}