{
    "075775_treated_xye": {
        "peak_number": 8,
        "q": [
            0.044092,
            0.057854,
            0.060905,
            0.06459,
            0.091878,
            0.10409,
            0.11285,
            0.17275
        ],
        "I": [
            1.1041150698829096,
            3.3680122519112814,
            0.5122592078879198,
            5.644691226386883,
            2.0748302522055804,
            0.5865404426622023,
            1.8130367924899051,
            0.3635831975842701
        ],
        "dI": [
            0.077742,
            0.091936,
            0.083653,
            0.089738,
            0.048558,
            0.037177,
            0.037608,
            0.013766
        ],
        "I_raw": [
            2.6502,
            6.4757,
            5.9225,
            7.6714,
            4.458,
            3.458,
            4.1642,
            1.2668
        ],
        "peaks": [
            107,
            144,
            151,
            159,
            207,
            224,
            235,
            293
        ],
        "params_amplitude": [
            0.044092,
            0.06459,
            0.057854,
            0.060905,
            0.091878,
            0.11285,
            0.10409,
            0.17275
        ],
        "params_mean": [
            3.2997088799934327,
            7.128156315701197,
            4.384936077387802,
            -2.4633925597013744,
            4.02786853552319,
            2.2087600003125236,
            0.4345959223397005,
            0.3539800242500798
        ],
        "params_sigma": [
            0.01552445507673394,
            0.004343940952410035,
            0.002779493979818859,
            0.05207314161230368,
            0.020195023516988406,
            0.004986445975105567,
            0.0025039531197454017,
            0.08941451864974113
        ],
        "start_loss": 0,
        "final_loss": 0.5166747379934861
    }
}