{
    "075775_treated_xye": {
        "peak_number": 9,
        "q": [
            0.044092,
            0.057854,
            0.060905,
            0.06459,
            0.08475,
            0.091878,
            0.10409,
            0.11285,
            0.17275
        ],
        "I": [
            1.1041150698829096,
            3.3680122519112814,
            0.5122592078879198,
            5.644691226386883,
            0.3618587808691193,
            2.1912344282767413,
            0.6338254793559887,
            2.0392706295652707,
            0.36340467974373775
        ],
        "dI": [
            0.077742,
            0.091936,
            0.083653,
            0.089738,
            0.049017,
            0.048558,
            0.037177,
            0.037608,
            0.013766
        ],
        "I_raw": [
            2.6502,
            6.4757,
            5.9225,
            7.6714,
            3.8476,
            4.458,
            3.458,
            4.1642,
            1.2668
        ],
        "peaks": [
            107,
            144,
            151,
            159,
            196,
            207,
            224,
            235,
            293
        ],
        "params_amplitude": [
            0.044092,
            0.06459,
            0.057854,
            0.060905,
            0.091878,
            0.08475,
            0.11285,
            0.10409,
            0.17275
        ],
        "params_mean": [
            3.569825501570958,
            7.652607011432127,
            4.385281064186044,
            -2.8013624400543855,
            0.9198868202383761,
            3.7744858224005373,
            1.7950406017834124,
            2.6433094570362927,
            0.35223697871038867
        ],
        "params_sigma": [
            0.015662654604089127,
            0.004692948181394555,
            0.0028162344056137313,
            0.04889792203738888,
            0.0018359896107067993,
            0.012247536377377017,
            0.004875915873191119,
            0.013068906587529206,
            0.10474078544820628
        ],
        "start_loss": 0,
        "final_loss": 0.42741036499476914
    }
}