{
    "075775_treated_xye": {
        "peak_number": 8,
        "q": [
            0.044092,
            0.057854,
            0.060905,
            0.06459,
            0.091878,
            0.10409,
            0.11285,
            0.17275
        ],
        "I": [
            1.1041150698829096,
            3.611275997310343,
            0.6039965588652564,
            5.820588412456887,
            2.1729680732373975,
            0.47217369502620515,
            1.6887283627393277,
            0.36360870526074124
        ],
        "dI": [
            0.077742,
            0.091936,
            0.083653,
            0.089738,
            0.048558,
            0.037177,
            0.037608,
            0.013766
        ],
        "I_raw": [
            2.6502,
            6.4757,
            5.9225,
            7.6714,
            4.458,
            3.458,
            4.1642,
            1.2668
        ],
        "peaks": [
            107,
            144,
            151,
            159,
            207,
            224,
            235,
            293
        ],
        "params_amplitude": [
            0.044092,
            0.06459,
            0.057854,
            0.060905,
            0.091878,
            0.11285,
            0.10409,
            0.17275
        ],
        "params_mean": [
            1.1871795048755536,
            5.990444371275199,
            4.230310828408155,
            2.471715269775501,
            2.555226095377413,
            2.824880299282883,
            1.3827624460210837,
            0.328357467441579
        ],
        "params_sigma": [
            0.00810320639055583,
            0.003262653281517043,
            0.002035721166227125,
            0.0019084651144920092,
            0.01141718559369429,
            0.005224507205654856,
            0.0036974592403750933,
            0.03316878163107348
        ],
        "start_loss": 0,
        "final_loss": 0.5080777240209295
    }
}