{
    "075775_treated_xye": {
        "peak_number": 10,
        "q": [
            0.044092,
            0.057854,
            0.06046,
            0.06459,
            0.08413,
            0.091878,
            0.10108,
            0.10563,
            0.11285,
            0.17275
        ],
        "I": [
            1.1041150698829096,
            3.6639678302431795,
            0.7959262932152246,
            5.820588412456887,
            1.8747971518896833,
            2.8811517291686184,
            2.0637332256650818,
            0.7075685049976137,
            2.8006998383822057,
            0.3828485131673171
        ],
        "dI": [
            0.077742,
            0.091936,
            0.083707,
            0.089738,
            0.047882,
            0.048558,
            0.038573,
            0.035617,
            0.037608,
            0.013766
        ],
        "I_raw": [
            2.6502,
            6.4757,
            5.8264,
            7.6714,
            3.6436,
            4.458,
            3.4107,
            3.2146,
            4.1642,
            1.2668
        ],
        "peaks": [
            107,
            144,
            150,
            159,
            195,
            207,
            220,
            226,
            235,
            293
        ],
        "params_amplitude": [
            0.044092,
            0.06459,
            0.057854,
            0.06046,
            0.091878,
            0.08413,
            0.11285,
            0.10108,
            0.10563,
            0.17275
        ],
        "params_mean": [
            1.1839756274944817,
            6.130508918142899,
            3.950673796523283,
            2.6194372455216914,
            2.826918735172917,
            2.113520638768089,
            2.9076640207697175,
            2.026054893240019,
            1.1454937755227237,
            0.32249008127575174
        ],
        "params_sigma": [
            0.008210923749888594,
            0.003279044242685714,
            0.0019596405950335705,
            0.001912146415683198,
            0.004184684191662118,
            0.004257995459806383,
            0.00513218682663357,
            0.00417857657189738,
            0.003404339200579086,
            0.0348436482614557
        ],
        "start_loss": 0,
        "final_loss": 0.24405503675735513
    }
}