{
    "075775_treated_xye": {
        "peak_number": 10,
        "q": [
            0.044092,
            0.057854,
            0.060905,
            0.06459,
            0.08413,
            0.091878,
            0.10108,
            0.10563,
            0.11285,
            0.17275
        ],
        "I": [
            1.1041150698829096,
            3.3680122519112814,
            0.5122592078879198,
            5.644691226386883,
            1.8748079992379536,
            2.881151729514812,
            2.0637331799954532,
            0.7075681521348532,
            2.800699838255191,
            0.3730914021833949
        ],
        "dI": [
            0.077742,
            0.091936,
            0.083653,
            0.089738,
            0.047882,
            0.048558,
            0.038573,
            0.035617,
            0.037608,
            0.013766
        ],
        "I_raw": [
            2.6502,
            6.4757,
            5.9225,
            7.6714,
            3.6436,
            4.458,
            3.4107,
            3.2146,
            4.1642,
            1.2668
        ],
        "peaks": [
            107,
            144,
            151,
            159,
            195,
            207,
            220,
            226,
            235,
            293
        ],
        "params_amplitude": [
            0.044092,
            0.06459,
            0.057854,
            0.060905,
            0.091878,
            0.08413,
            0.11285,
            0.10108,
            0.10563,
            0.17275
        ],
        "params_mean": [
            1.187191971206052,
            5.984683023617913,
            4.225031815417166,
            2.415059075716253,
            2.8269263112986165,
            2.113525866624897,
            2.9076586658010406,
            2.026050031018017,
            1.1455175642874178,
            0.3224793261084334
        ],
        "params_sigma": [
            0.00810259499424687,
            0.003305491999872059,
            0.002037331824841072,
            0.0019088029182928767,
            0.004184706996364659,
            0.004257938498119579,
            0.005132157561795269,
            0.0041785285565651515,
            0.0034043396591101165,
            0.03484668556290147
        ],
        "start_loss": 0,
        "final_loss": 0.2658946223372224
    }
}