{
    "075775_treated_xye": {
        "peak_number": 10,
        "q": [
            0.044092,
            0.057854,
            0.06046,
            0.06459,
            0.08413,
            0.091878,
            0.10108,
            0.10563,
            0.11285,
            0.17275
        ],
        "I": [
            1.1041150698829096,
            3.6639678302431795,
            0.7962178300802379,
            5.820588412456887,
            1.8747971518896833,
            2.8811517291686184,
            2.0637332256650818,
            0.7075685049976137,
            2.8006998383822057,
            0.3828485131673171
        ],
        "dI": [
            0.077742,
            0.091936,
            0.083707,
            0.089738,
            0.047882,
            0.048558,
            0.038573,
            0.035617,
            0.037608,
            0.013766
        ],
        "I_raw": [
            2.6502,
            6.4757,
            5.8264,
            7.6714,
            3.6436,
            4.458,
            3.4107,
            3.2146,
            4.1642,
            1.2668
        ],
        "peaks": [
            107,
            144,
            150,
            159,
            195,
            207,
            220,
            226,
            235,
            293
        ],
        "params_amplitude": [
            0.044092,
            0.06459,
            0.057854,
            0.06046,
            0.091878,
            0.08413,
            0.11285,
            0.10108,
            0.10563,
            0.17275
        ],
        "params_mean": [
            1.1839757551865464,
            6.130508993269948,
            3.950674233097532,
            2.619437022859735,
            2.826919234598058,
            2.1135205586657566,
            2.9076642124126124,
            2.0260551931253286,
            1.1454957988466576,
            0.32249006208293934
        ],
        "params_sigma": [
            0.008210922655758705,
            0.003279044095239682,
            0.0019596407728592015,
            0.0019121467051913632,
            0.004184684419037667,
            0.004257993436153519,
            0.00513218498026043,
            0.004178574017790797,
            0.0034043366308685965,
            0.03484364565853742
        ],
        "start_loss": 0,
        "final_loss": 0.24405721466412852
    }
}