{
    "075775_treated_xye": {
        "peak_number": 10,
        "q": [
            0.044092,
            0.057854,
            0.060905,
            0.06459,
            0.08413,
            0.091878,
            0.10108,
            0.10563,
            0.11285,
            0.17275
        ],
        "I": [
            1.1041150698829096,
            3.3680122519112814,
            0.5122592078879198,
            5.644691226386883,
            1.8731904344287393,
            2.881151729514812,
            2.0637185608260715,
            0.7174709422447101,
            2.8006998373958605,
            0.3670226694823445
        ],
        "dI": [
            0.077742,
            0.091936,
            0.083653,
            0.089738,
            0.047882,
            0.048558,
            0.038573,
            0.035617,
            0.037608,
            0.013766
        ],
        "I_raw": [
            2.6502,
            6.4757,
            5.9225,
            7.6714,
            3.6436,
            4.458,
            3.4107,
            3.2146,
            4.1642,
            1.2668
        ],
        "peaks": [
            107,
            144,
            151,
            159,
            195,
            207,
            220,
            226,
            235,
            293
        ],
        "params_amplitude": [
            0.044092,
            0.06459,
            0.057854,
            0.060905,
            0.091878,
            0.08413,
            0.11285,
            0.10108,
            0.10563,
            0.17275
        ],
        "params_mean": [
            1.187192078372656,
            5.984683185399569,
            4.225032929328497,
            2.415059922882776,
            2.826926157382605,
            2.113524917049812,
            2.90765937020178,
            2.026051614548214,
            1.1455212675528872,
            0.32247918295853445
        ],
        "params_sigma": [
            0.008102594658312588,
            0.0033054914947546745,
            0.002037331364127576,
            0.0019088024304683342,
            0.004184711824353595,
            0.004257937008129237,
            0.005132157734120256,
            0.004178516340362776,
            0.0034043339669320443,
            0.03484668575411077
        ],
        "start_loss": 0,
        "final_loss": 0.26466282335020463
    }
}