{
    "075775_treated_xye": {
        "peak_number": 9,
        "q": [
            0.044092,
            0.057854,
            0.060905,
            0.06459,
            0.08413,
            0.091878,
            0.10108,
            0.10563,
            0.11285
        ],
        "I": [
            1.1041150698829096,
            3.3680122519112814,
            0.5122592078879198,
            5.644691226386883,
            1.8731904344287393,
            2.881151729514812,
            2.0637185608260715,
            0.7174709422447101,
            2.8006998373958605
        ],
        "dI": [
            0.077742,
            0.091936,
            0.083653,
            0.089738,
            0.047882,
            0.048558,
            0.038573,
            0.035617,
            0.037608
        ],
        "I_raw": [
            2.6502,
            6.4757,
            5.9225,
            7.6714,
            3.6436,
            4.458,
            3.4107,
            3.2146,
            4.1642
        ],
        "peaks": [
            107,
            144,
            151,
            159,
            195,
            207,
            220,
            226,
            235
        ],
        "params_amplitude": [
            0.044092,
            0.06459,
            0.057854,
            0.060905,
            0.091878,
            0.08413,
            0.11285,
            0.10108,
            0.10563
        ],
        "params_mean": [
            1.18719258663291,
            5.984693436345588,
            4.225033291709664,
            2.415011739192827,
            2.829652575428866,
            2.113752877772807,
            2.9191698797685794,
            2.043603527046197,
            1.1289546937316126
        ],
        "params_sigma": [
            0.008102597379127772,
            0.003305530804175099,
            0.0020373342555771333,
            0.0019088010622493859,
            0.0041864934354648555,
            0.004256339026286868,
            0.005212314162174803,
            0.004160546049795696,
            0.0033507367315742873
        ],
        "start_loss": 0,
        "final_loss": 0.2743136446602873
    }
}