{
    "075773_treated_xye.csv": {
        "peak_number": 6,
        "q": [
            0.042192,
            0.066515,
            0.086004,
            0.093924,
            0.10486,
            0.11536
        ],
        "peaks": [
            101,
            163,
            198,
            210,
            225,
            238
        ]
    }
}