{
    "075775_treated_xye": {
        "peak_number": 10,
        "q": [
            0.036699,
            0.044092,
            0.057854,
            0.060905,
            0.06459,
            0.08413,
            0.091878,
            0.10108,
            0.10563,
            0.11285
        ],
        "I": [
            0.659947434600386,
            1.155808452347416,
            3.7026840559280862,
            0.6439209375813508,
            5.823989002583252,
            1.8747974534373086,
            2.8811517287583994,
            2.0637332253405956,
            0.7075684991320844,
            2.800699838707529
        ],
        "dI": [
            0.093932,
            0.077742,
            0.091936,
            0.083653,
            0.089738,
            0.047882,
            0.048558,
            0.038573,
            0.035617,
            0.037608
        ],
        "I_raw": [
            2.9389,
            2.6502,
            6.4757,
            5.9225,
            7.6714,
            3.6436,
            4.458,
            3.4107,
            3.2146,
            4.1642
        ],
        "peaks": [
            82,
            107,
            144,
            151,
            159,
            195,
            207,
            220,
            226,
            235
        ],
        "params_amplitude": [
            1.0788073301694776,
            0.5425167702860653,
            4.322466255597671,
            4.1305441249297985,
            4.871166969978241,
            2.8006125900902994,
            2.376415789975536,
            2.1337903763047663,
            1.0770792740999742,
            2.229249437098925
        ],
        "params_mean": [
            0.04455554063866932,
            0.037310560090397446,
            0.06567196250257211,
            0.05780924908082544,
            0.06227284076906084,
            0.09224353224956894,
            0.08505715684259661,
            0.11369130147106593,
            0.09977246525507802,
            0.10624901133698225
        ],
        "params_sigma": [
            0.006819103432831497,
            0.003981162593097225,
            0.0019031958001607227,
            0.0019105142518791524,
            0.0034170640363980495,
            0.002635990101873858,
            0.005216357278115687,
            0.002784240963493431,
            0.002199535790165223,
            0.009135896619716597
        ],
        "start_loss": 0,
        "final_loss": 0.25051161851640635,
        "loss_ratio": Infinity
    }
}