{
    "075775_treated_xye": {
        "peak_number": 7,
        "q": [
            0.044092,
            0.057854,
            0.06459,
            0.08413,
            0.091878,
            0.10108,
            0.11285
        ],
        "I": [
            1.155808452347416,
            3.7026840556498795,
            5.823989002583252,
            1.8747974534373086,
            2.8811517287583994,
            2.0637332253405956,
            2.800699838707529
        ],
        "dI": [
            0.077742,
            0.091936,
            0.089738,
            0.047882,
            0.048558,
            0.038573,
            0.037608
        ],
        "I_raw": [
            2.6502,
            6.4757,
            7.6714,
            3.6436,
            4.458,
            3.4107,
            4.1642
        ],
        "peaks": [
            107,
            144,
            159,
            195,
            207,
            220,
            235
        ],
        "params_amplitude": [
            1.228242821639211,
            6.438609912244686,
            4.984479944550295,
            2.725927660704418,
            2.390234229347073,
            2.9000045650251502,
            2.4413722835135285
        ],
        "params_mean": [
            0.04264722156882407,
            0.06453520144260003,
            0.05868050733444392,
            0.0921540540516851,
            0.0851406238909182,
            0.11324588945721141,
            0.10286623094076211
        ],
        "params_sigma": [
            0.007438510206999456,
            0.002991213099468579,
            0.002849941845783972,
            0.0024607652357480974,
            0.005286318385005333,
            0.0038872347855270937,
            0.0072005678670260306
        ],
        "start_loss": 0,
        "final_loss": 0.29132684063936976,
        "loss_ratio": Infinity
    }
}