{
    "075773_treated_xye.csv": {
        "peak_number": 6,
        "q": [
            0.042192,
            0.066028,
            0.085374,
            0.093237,
            0.10409,
            0.11452
        ],
        "I": [
            0.042192,
            0.066028,
            0.085374,
            0.093237,
            0.10409,
            0.11452
        ]
    }
}