{
    "075775_treated_xye.csv": {
        "peak_number": 7,
        "q": [
            0.040079,
            0.040671,
            0.057854,
            0.065066,
            0.08475,
            0.091878,
            0.11368
        ],
        "I": [
            0.040079,
            0.040671,
            0.057854,
            0.065066,
            0.08475,
            0.091878,
            0.11368
        ]
    }
}